Chapter,Media Link,Media Credit,Media Credit Link,Description,Zoom,Marker,Marker Color,Location,Latitude,Longitude,Overlay,Overlay Transparency,GeoJSON Overlay,GeoJSON Feature Properties,Newspapers,Maps Link,Miles to Next
"2505 Dean Lesher Dr, Concord, CA",,Open in Maps,https://www.google.com/maps/search/?api=1&query=2505%20Dean%20Lesher%20Dr%2C%20Concord%2C%20CA,Start Address,18,Numbered,red,,38.0205834,-122.0306097,,,,,,https://www.google.com/maps/search/?api=1&query=2505%20Dean%20Lesher%20Dr%2C%20Concord%2C%20CA,7.0
"229 Benham Dr, Martinez, CA",,Open in Maps,https://www.google.com/maps/search/?api=1&query=229%20Benham%20Dr%2C%20Martinez%2C%20CA,,18,Numbered,blue,,37.965846065416,-122.100053765858,,,,,EBT,https://www.google.com/maps/search/?api=1&query=229%20Benham%20Dr%2C%20Martinez%2C%20CA,0.1
"240 Benham Dr, Martinez, CA",,Open in Maps,https://www.google.com/maps/search/?api=1&query=240%20Benham%20Dr%2C%20Martinez%2C%20CA,,18,Numbered,blue,,37.965310545622,-122.100728006149,,,,,EBT,https://www.google.com/maps/search/?api=1&query=240%20Benham%20Dr%2C%20Martinez%2C%20CA,0.1
"245 Benham Dr, Martinez, CA",,Open in Maps,https://www.google.com/maps/search/?api=1&query=245%20Benham%20Dr%2C%20Martinez%2C%20CA,,18,Numbered,blue,,37.966380537472,-122.100803778554,,,,,EBT,https://www.google.com/maps/search/?api=1&query=245%20Benham%20Dr%2C%20Martinez%2C%20CA,0.2
"218 Deer Path Ct, Martinez, CA",,Open in Maps,https://www.google.com/maps/search/?api=1&query=218%20Deer%20Path%20Ct%2C%20Martinez%2C%20CA,,18,Numbered,blue,,37.964890612273,-122.09901298494,,,,,EBT,https://www.google.com/maps/search/?api=1&query=218%20Deer%20Path%20Ct%2C%20Martinez%2C%20CA,0.0
"226 Deer Path Ct, Martinez, CA",,Open in Maps,https://www.google.com/maps/search/?api=1&query=226%20Deer%20Path%20Ct%2C%20Martinez%2C%20CA,,18,Numbered,blue,,37.964779677784,-122.099453705409,,,,,EBT,https://www.google.com/maps/search/?api=1&query=226%20Deer%20Path%20Ct%2C%20Martinez%2C%20CA,0.0
"223 Knollcrest Ct, Martinez, CA",,Open in Maps,https://www.google.com/maps/search/?api=1&query=223%20Knollcrest%20Ct%2C%20Martinez%2C%20CA,,18,Numbered,blue,,37.964627085237,-122.098934446508,,,,,EBT,https://www.google.com/maps/search/?api=1&query=223%20Knollcrest%20Ct%2C%20Martinez%2C%20CA,0.2
"224 Sharon Ct, Martinez, CA",,Open in Maps,https://www.google.com/maps/search/?api=1&query=224%20Sharon%20Ct%2C%20Martinez%2C%20CA,,18,Numbered,blue,,37.962027270329,-122.098594811791,,,,,EBT,https://www.google.com/maps/search/?api=1&query=224%20Sharon%20Ct%2C%20Martinez%2C%20CA,0.5
"447 Roanoke Dr, Martinez, CA",,Open in Maps,https://www.google.com/maps/search/?api=1&query=447%20Roanoke%20Dr%2C%20Martinez%2C%20CA,,18,Numbered,blue,,37.958046075868,-122.103390014779,,,,,SFC,https://www.google.com/maps/search/?api=1&query=447%20Roanoke%20Dr%2C%20Martinez%2C%20CA,0.6
"900 Roanoke Dr, Martinez, CA",,Open in Maps,https://www.google.com/maps/search/?api=1&query=900%20Roanoke%20Dr%2C%20Martinez%2C%20CA,,18,Numbered,blue,,37.96188352069,-122.09684617915,,,,,EBT,https://www.google.com/maps/search/?api=1&query=900%20Roanoke%20Dr%2C%20Martinez%2C%20CA,0.1
"218 Oak Manor Plz, Martinez, CA",,Open in Maps,https://www.google.com/maps/search/?api=1&query=218%20Oak%20Manor%20Plz%2C%20Martinez%2C%20CA,,18,Numbered,blue,,37.960510816407,-122.096922454469,,,,,EBT,https://www.google.com/maps/search/?api=1&query=218%20Oak%20Manor%20Plz%2C%20Martinez%2C%20CA,0.1
"250 Blue Ridge Dr, Martinez, CA",,Open in Maps,https://www.google.com/maps/search/?api=1&query=250%20Blue%20Ridge%20Dr%2C%20Martinez%2C%20CA,,18,Numbered,blue,,37.960101318527,-122.098795306915,,,,,EBT,https://www.google.com/maps/search/?api=1&query=250%20Blue%20Ridge%20Dr%2C%20Martinez%2C%20CA,0.1
"304 Blue Ridge Dr, Martinez, CA",,Open in Maps,https://www.google.com/maps/search/?api=1&query=304%20Blue%20Ridge%20Dr%2C%20Martinez%2C%20CA,,18,Numbered,blue,,37.960106347669,-122.099522185558,,,,,EBT,https://www.google.com/maps/search/?api=1&query=304%20Blue%20Ridge%20Dr%2C%20Martinez%2C%20CA,0.2
"424 Blue Ridge Dr, Martinez, CA",,Open in Maps,https://www.google.com/maps/search/?api=1&query=424%20Blue%20Ridge%20Dr%2C%20Martinez%2C%20CA,,18,Numbered,blue,,37.960083674621,-122.102474291857,,,,,EBT,https://www.google.com/maps/search/?api=1&query=424%20Blue%20Ridge%20Dr%2C%20Martinez%2C%20CA,0.3
"529 Blue Ridge Dr, Martinez, CA",,Open in Maps,https://www.google.com/maps/search/?api=1&query=529%20Blue%20Ridge%20Dr%2C%20Martinez%2C%20CA,,18,Numbered,blue,,37.959225912559,-122.105879020926,,,,,EBT,https://www.google.com/maps/search/?api=1&query=529%20Blue%20Ridge%20Dr%2C%20Martinez%2C%20CA,0.1
"622 Blue Ridge Dr, Martinez, CA",,Open in Maps,https://www.google.com/maps/search/?api=1&query=622%20Blue%20Ridge%20Dr%2C%20Martinez%2C%20CA,,18,Numbered,blue,,37.960083381254,-122.106670607862,,,,,EBT,https://www.google.com/maps/search/?api=1&query=622%20Blue%20Ridge%20Dr%2C%20Martinez%2C%20CA,0.1
"727 Blue Ridge Dr, Martinez, CA",,Open in Maps,https://www.google.com/maps/search/?api=1&query=727%20Blue%20Ridge%20Dr%2C%20Martinez%2C%20CA,,18,Numbered,blue,,37.959897219185,-122.108455282686,,,,,WSJ,https://www.google.com/maps/search/?api=1&query=727%20Blue%20Ridge%20Dr%2C%20Martinez%2C%20CA,0.6
"6505 Parkdale Plz, Martinez, CA",,Open in Maps,https://www.google.com/maps/search/?api=1&query=6505%20Parkdale%20Plz%2C%20Martinez%2C%20CA,,18,Numbered,blue,,37.961076930147,-122.100519715855,,,,,EBT,https://www.google.com/maps/search/?api=1&query=6505%20Parkdale%20Plz%2C%20Martinez%2C%20CA,0.0
"6515 Parkdale Plz, Martinez, CA",,Open in Maps,https://www.google.com/maps/search/?api=1&query=6515%20Parkdale%20Plz%2C%20Martinez%2C%20CA,,18,Numbered,blue,,37.960906609875,-122.100583418319,,,,,WSJ,https://www.google.com/maps/search/?api=1&query=6515%20Parkdale%20Plz%2C%20Martinez%2C%20CA,0.0
"6538 Parkdale Plz, Martinez, CA",,Open in Maps,https://www.google.com/maps/search/?api=1&query=6538%20Parkdale%20Plz%2C%20Martinez%2C%20CA,,18,Numbered,blue,,37.960519659315,-122.100960855419,,,,,EBT,https://www.google.com/maps/search/?api=1&query=6538%20Parkdale%20Plz%2C%20Martinez%2C%20CA,0.1
"6522 Manhatten Ct, Martinez, CA",,Open in Maps,https://www.google.com/maps/search/?api=1&query=6522%20Manhatten%20Ct%2C%20Martinez%2C%20CA,,18,Numbered,blue,,37.960602975432,-122.102756845813,,,,,EBT,https://www.google.com/maps/search/?api=1&query=6522%20Manhatten%20Ct%2C%20Martinez%2C%20CA,0.2
"522 Webster Dr, Martinez, CA",,Open in Maps,https://www.google.com/maps/search/?api=1&query=522%20Webster%20Dr%2C%20Martinez%2C%20CA,,18,Numbered,blue,,37.960134091768,-122.105143508923,,,,,EBT,https://www.google.com/maps/search/?api=1&query=522%20Webster%20Dr%2C%20Martinez%2C%20CA,0.1
"567 Webster Dr, Martinez, CA",,Open in Maps,https://www.google.com/maps/search/?api=1&query=567%20Webster%20Dr%2C%20Martinez%2C%20CA,,18,Numbered,blue,,37.961629423295,-122.105859491092,,,,,EBT,https://www.google.com/maps/search/?api=1&query=567%20Webster%20Dr%2C%20Martinez%2C%20CA,0.2
"655 Skyline Dr, Martinez, CA",,Open in Maps,https://www.google.com/maps/search/?api=1&query=655%20Skyline%20Dr%2C%20Martinez%2C%20CA,,18,Numbered,blue,,37.963748452237,-122.104650569197,,,,,EBT,https://www.google.com/maps/search/?api=1&query=655%20Skyline%20Dr%2C%20Martinez%2C%20CA,0.1
"6349 Greenridge Ct, Martinez, CA",,Open in Maps,https://www.google.com/maps/search/?api=1&query=6349%20Greenridge%20Ct%2C%20Martinez%2C%20CA,,18,Numbered,blue,,37.964050200751,-122.103243415292,,,,,EBT,https://www.google.com/maps/search/?api=1&query=6349%20Greenridge%20Ct%2C%20Martinez%2C%20CA,0.5
"754 Horizon Dr, Martinez, CA",,Open in Maps,https://www.google.com/maps/search/?api=1&query=754%20Horizon%20Dr%2C%20Martinez%2C%20CA,,18,Numbered,blue,,37.963595147228,-122.110570455953,,,,,EBT,https://www.google.com/maps/search/?api=1&query=754%20Horizon%20Dr%2C%20Martinez%2C%20CA,0.1
"787 Horizon Dr, Martinez, CA",,Open in Maps,https://www.google.com/maps/search/?api=1&query=787%20Horizon%20Dr%2C%20Martinez%2C%20CA,,18,Numbered,blue,,37.962802303006,-122.112240885437,,,,,EBT,https://www.google.com/maps/search/?api=1&query=787%20Horizon%20Dr%2C%20Martinez%2C%20CA,0.1
"796 Horizon Dr, Martinez, CA",,Open in Maps,https://www.google.com/maps/search/?api=1&query=796%20Horizon%20Dr%2C%20Martinez%2C%20CA,,18,Numbered,blue,,37.962229022739,-122.112158072233,,,,,EBT,https://www.google.com/maps/search/?api=1&query=796%20Horizon%20Dr%2C%20Martinez%2C%20CA,0.1
"773 Condor Ct, Martinez, CA",,Open in Maps,https://www.google.com/maps/search/?api=1&query=773%20Condor%20Ct%2C%20Martinez%2C%20CA,,18,Numbered,blue,,37.962567442079,-122.111105975747,,,,,EBT,https://www.google.com/maps/search/?api=1&query=773%20Condor%20Ct%2C%20Martinez%2C%20CA,0.0
"781 Condor Ct, Martinez, CA",,Open in Maps,https://www.google.com/maps/search/?api=1&query=781%20Condor%20Ct%2C%20Martinez%2C%20CA,,18,Numbered,blue,,37.962237069366,-122.11147100763,,,,,EBT,https://www.google.com/maps/search/?api=1&query=781%20Condor%20Ct%2C%20Martinez%2C%20CA,0.1
"761 Condor Dr, Martinez, CA",,Open in Maps,https://www.google.com/maps/search/?api=1&query=761%20Condor%20Dr%2C%20Martinez%2C%20CA,,18,Numbered,blue,,37.963038966042,-122.111070436477,,,,,SFC,https://www.google.com/maps/search/?api=1&query=761%20Condor%20Dr%2C%20Martinez%2C%20CA,0.2
"532 Eagle Nest Dr, Martinez, CA",,Open in Maps,https://www.google.com/maps/search/?api=1&query=532%20Eagle%20Nest%20Dr%2C%20Martinez%2C%20CA,,18,Numbered,blue,,37.961378511023,-122.111436306551,,,,,SFC,https://www.google.com/maps/search/?api=1&query=532%20Eagle%20Nest%20Dr%2C%20Martinez%2C%20CA,0.3
"6701 Corte Poquita, Martinez, CA",,Open in Maps,https://www.google.com/maps/search/?api=1&query=6701%20Corte%20Poquita%2C%20Martinez%2C%20CA,,18,Numbered,blue,,37.958374730292,-122.109946674718,,,,,EBT SFC,https://www.google.com/maps/search/?api=1&query=6701%20Corte%20Poquita%2C%20Martinez%2C%20CA,0.0
"6713 Corte Poquita, Martinez, CA",,Open in Maps,https://www.google.com/maps/search/?api=1&query=6713%20Corte%20Poquita%2C%20Martinez%2C%20CA,,18,Numbered,blue,,37.957954629305,-122.109971149876,,,,,WSJ,https://www.google.com/maps/search/?api=1&query=6713%20Corte%20Poquita%2C%20Martinez%2C%20CA,0.2
"6712 Corte Tercera, Martinez, CA",,Open in Maps,https://www.google.com/maps/search/?api=1&query=6712%20Corte%20Tercera%2C%20Martinez%2C%20CA,,18,Numbered,blue,,37.95846835615,-122.112489995599,,,,,EBT,https://www.google.com/maps/search/?api=1&query=6712%20Corte%20Tercera%2C%20Martinez%2C%20CA,0.0
"6717 Corte Tercera, Martinez, CA",,Open in Maps,https://www.google.com/maps/search/?api=1&query=6717%20Corte%20Tercera%2C%20Martinez%2C%20CA,,18,Numbered,blue,,37.958240410294,-122.111966378108,,,,,EBT,https://www.google.com/maps/search/?api=1&query=6717%20Corte%20Tercera%2C%20Martinez%2C%20CA,0.1
"6747 Corte Tercera, Martinez, CA",,Open in Maps,https://www.google.com/maps/search/?api=1&query=6747%20Corte%20Tercera%2C%20Martinez%2C%20CA,,18,Numbered,blue,,37.957170250806,-122.11184928292,,,,,EBT,https://www.google.com/maps/search/?api=1&query=6747%20Corte%20Tercera%2C%20Martinez%2C%20CA,0.1
"915 Calle Verde, Martinez, CA",,Open in Maps,https://www.google.com/maps/search/?api=1&query=915%20Calle%20Verde%2C%20Martinez%2C%20CA,,18,Numbered,blue,,37.957543790321,-122.113051834569,,,,,WSJ,https://www.google.com/maps/search/?api=1&query=915%20Calle%20Verde%2C%20Martinez%2C%20CA,0.2
"951 Calle Verde, Martinez, CA",,Open in Maps,https://www.google.com/maps/search/?api=1&query=951%20Calle%20Verde%2C%20Martinez%2C%20CA,,18,Numbered,blue,,37.956549445147,-122.114833911003,,,,,EBT SFC,https://www.google.com/maps/search/?api=1&query=951%20Calle%20Verde%2C%20Martinez%2C%20CA,0.0
"952 Calle Verde, Martinez, CA",,Open in Maps,https://www.google.com/maps/search/?api=1&query=952%20Calle%20Verde%2C%20Martinez%2C%20CA,,18,Numbered,blue,,37.956191286424,-122.114696196334,,,,,EBT,https://www.google.com/maps/search/?api=1&query=952%20Calle%20Verde%2C%20Martinez%2C%20CA,0.2
"916 Tavan Estates Dr, Martinez, CA",,Open in Maps,https://www.google.com/maps/search/?api=1&query=916%20Tavan%20Estates%20Dr%2C%20Martinez%2C%20CA,,18,Numbered,blue,,37.958249187612,-122.114247151606,,,,,EBT,https://www.google.com/maps/search/?api=1&query=916%20Tavan%20Estates%20Dr%2C%20Martinez%2C%20CA,0.0
"919 Tavan Estates Dr, Martinez, CA",,Open in Maps,https://www.google.com/maps/search/?api=1&query=919%20Tavan%20Estates%20Dr%2C%20Martinez%2C%20CA,,18,Numbered,blue,,37.958283655109,-122.114461607058,,,,,EBT,https://www.google.com/maps/search/?api=1&query=919%20Tavan%20Estates%20Dr%2C%20Martinez%2C%20CA,0.0
"920 Tavan Estates Dr, Martinez, CA",,Open in Maps,https://www.google.com/maps/search/?api=1&query=920%20Tavan%20Estates%20Dr%2C%20Martinez%2C%20CA,,18,Numbered,blue,,37.958087859656,-122.114227145032,,,,,EBT,https://www.google.com/maps/search/?api=1&query=920%20Tavan%20Estates%20Dr%2C%20Martinez%2C%20CA,0.0
"932 Tavan Estates Dr, Martinez, CA",,Open in Maps,https://www.google.com/maps/search/?api=1&query=932%20Tavan%20Estates%20Dr%2C%20Martinez%2C%20CA,,18,Numbered,blue,,37.957849645968,-122.114833994822,,,,,EBT,https://www.google.com/maps/search/?api=1&query=932%20Tavan%20Estates%20Dr%2C%20Martinez%2C%20CA,0.1
"950 Tavan Estates Dr, Martinez, CA",,Open in Maps,https://www.google.com/maps/search/?api=1&query=950%20Tavan%20Estates%20Dr%2C%20Martinez%2C%20CA,,18,Numbered,blue,,37.957578994314,-122.116513141485,,,,,WSJ,https://www.google.com/maps/search/?api=1&query=950%20Tavan%20Estates%20Dr%2C%20Martinez%2C%20CA,0.1
"926 Corte Diablo, CA",,Open in Maps,https://www.google.com/maps/search/?api=1&query=926%20Corte%20Diablo%2C%20CA,,18,Numbered,blue,,37.95892458314,-122.115716357769,,,,,EBT,https://www.google.com/maps/search/?api=1&query=926%20Corte%20Diablo%2C%20CA,0.1
"856 Sage Dr, Martinez, CA",,Open in Maps,https://www.google.com/maps/search/?api=1&query=856%20Sage%20Dr%2C%20Martinez%2C%20CA,,18,Numbered,blue,,37.960560185816,-122.115307907628,,,,,EBT,https://www.google.com/maps/search/?api=1&query=856%20Sage%20Dr%2C%20Martinez%2C%20CA,0.6
"630 Sterling Dr, Martinez, CA",,Open in Maps,https://www.google.com/maps/search/?api=1&query=630%20Sterling%20Dr%2C%20Martinez%2C%20CA,,18,Numbered,blue,,37.960765123349,-122.1063937536,,,,,EBT,https://www.google.com/maps/search/?api=1&query=630%20Sterling%20Dr%2C%20Martinez%2C%20CA,0.0
"641 Sterling Dr, Martinez, CA",,Open in Maps,https://www.google.com/maps/search/?api=1&query=641%20Sterling%20Dr%2C%20Martinez%2C%20CA,,18,Numbered,blue,,37.960605909098,-122.106968835977,,,,,SFC,https://www.google.com/maps/search/?api=1&query=641%20Sterling%20Dr%2C%20Martinez%2C%20CA,0.0
"650 Sterling Dr, Martinez, CA",,Open in Maps,https://www.google.com/maps/search/?api=1&query=650%20Sterling%20Dr%2C%20Martinez%2C%20CA,,18,Numbered,blue,,37.961100525205,-122.106989539278,,,,,EBT,https://www.google.com/maps/search/?api=1&query=650%20Sterling%20Dr%2C%20Martinez%2C%20CA,0.0
"656 Sterling Dr, Martinez, CA",,Open in Maps,https://www.google.com/maps/search/?api=1&query=656%20Sterling%20Dr%2C%20Martinez%2C%20CA,,18,Numbered,blue,,37.961216195468,-122.107209312779,,,,,EBT,https://www.google.com/maps/search/?api=1&query=656%20Sterling%20Dr%2C%20Martinez%2C%20CA,0.0
"705 Sterling Dr, Martinez, CA",,Open in Maps,https://www.google.com/maps/search/?api=1&query=705%20Sterling%20Dr%2C%20Martinez%2C%20CA,,18,Numbered,blue,,37.961022363957,-122.107793950526,,,,,EBT,https://www.google.com/maps/search/?api=1&query=705%20Sterling%20Dr%2C%20Martinez%2C%20CA,0.1
"566 Bernice Ln, Martinez, CA",,Open in Maps,https://www.google.com/maps/search/?api=1&query=566%20Bernice%20Ln%2C%20Martinez%2C%20CA,,18,Numbered,blue,,37.960475947689,-122.108837413652,,,,,EBT,https://www.google.com/maps/search/?api=1&query=566%20Bernice%20Ln%2C%20Martinez%2C%20CA,0.0
"569 Bernice Ln, Martinez, CA",,Open in Maps,https://www.google.com/maps/search/?api=1&query=569%20Bernice%20Ln%2C%20Martinez%2C%20CA,,18,Numbered,blue,,37.960610770602,-122.108378252996,,,,,EBT,https://www.google.com/maps/search/?api=1&query=569%20Bernice%20Ln%2C%20Martinez%2C%20CA,0.0
"570 Amber Ln, Martinez, CA",,Open in Maps,https://www.google.com/maps/search/?api=1&query=570%20Amber%20Ln%2C%20Martinez%2C%20CA,,18,Numbered,blue,,37.960539859701,-122.108028476177,,,,,SFC,https://www.google.com/maps/search/?api=1&query=570%20Amber%20Ln%2C%20Martinez%2C%20CA,0.2
"523 Francis Ct, Martinez, CA",,Open in Maps,https://www.google.com/maps/search/?api=1&query=523%20Francis%20Ct%2C%20Martinez%2C%20CA,,18,Numbered,blue,,37.958914315309,-122.106069709224,,,,,EBT,https://www.google.com/maps/search/?api=1&query=523%20Francis%20Ct%2C%20Martinez%2C%20CA,0.0
"529 Francis Ct, Martinez, CA",,Open in Maps,https://www.google.com/maps/search/?api=1&query=529%20Francis%20Ct%2C%20Martinez%2C%20CA,,18,Numbered,blue,,37.958588468823,-122.106461563197,,,,,EBT,https://www.google.com/maps/search/?api=1&query=529%20Francis%20Ct%2C%20Martinez%2C%20CA,0.4
"308 Appalachian Way, Martinez, CA",,Open in Maps,https://www.google.com/maps/search/?api=1&query=308%20Appalachian%20Way%2C%20Martinez%2C%20CA,,18,Numbered,blue,,37.957486583831,-122.10034704865,,,,,EBT,https://www.google.com/maps/search/?api=1&query=308%20Appalachian%20Way%2C%20Martinez%2C%20CA,0.1
"344 Appalachian Way, Martinez, CA",,Open in Maps,https://www.google.com/maps/search/?api=1&query=344%20Appalachian%20Way%2C%20Martinez%2C%20CA,,18,Numbered,blue,,37.957330093699,-122.10184900188,,,,,EBT WSJ,https://www.google.com/maps/search/?api=1&query=344%20Appalachian%20Way%2C%20Martinez%2C%20CA,0.1
"414 Appalachian Way, Martinez, CA",,Open in Maps,https://www.google.com/maps/search/?api=1&query=414%20Appalachian%20Way%2C%20Martinez%2C%20CA,,18,Numbered,blue,,37.957322382348,-122.102635475855,,,,,SFC,https://www.google.com/maps/search/?api=1&query=414%20Appalachian%20Way%2C%20Martinez%2C%20CA,0.2
"391 Donegal Pl, Martinez, CA",,Open in Maps,https://www.google.com/maps/search/?api=1&query=391%20Donegal%20Pl%2C%20Martinez%2C%20CA,,18,Numbered,blue,,37.955637996996,-122.102504550527,,,,,EBT,https://www.google.com/maps/search/?api=1&query=391%20Donegal%20Pl%2C%20Martinez%2C%20CA,0.1
"399 Donegal Pl, Martinez, CA",,Open in Maps,https://www.google.com/maps/search/?api=1&query=399%20Donegal%20Pl%2C%20Martinez%2C%20CA,,18,Numbered,blue,,37.956107886488,-122.103546085816,,,,,EBT,https://www.google.com/maps/search/?api=1&query=399%20Donegal%20Pl%2C%20Martinez%2C%20CA,0.8
"56 Donegal Way, Martinez, CA",,Open in Maps,https://www.google.com/maps/search/?api=1&query=56%20Donegal%20Way%2C%20Martinez%2C%20CA,,18,Numbered,blue,,37.956507996636,-122.092845664403,,,,,EBT,https://www.google.com/maps/search/?api=1&query=56%20Donegal%20Way%2C%20Martinez%2C%20CA,0.1
"119 Donegal Way, Martinez, CA",,Open in Maps,https://www.google.com/maps/search/?api=1&query=119%20Donegal%20Way%2C%20Martinez%2C%20CA,,18,Numbered,blue,,37.955876671689,-122.092595129317,,,,,EBT,https://www.google.com/maps/search/?api=1&query=119%20Donegal%20Way%2C%20Martinez%2C%20CA,0.3
"227 Donegal Way, Martinez, CA",,Open in Maps,https://www.google.com/maps/search/?api=1&query=227%20Donegal%20Way%2C%20Martinez%2C%20CA,,18,Numbered,blue,,37.955238305943,-122.096956233539,,,,,EBT WSJ,https://www.google.com/maps/search/?api=1&query=227%20Donegal%20Way%2C%20Martinez%2C%20CA,0.4
"375 Donegal Way, Martinez, CA",,Open in Maps,https://www.google.com/maps/search/?api=1&query=375%20Donegal%20Way%2C%20Martinez%2C%20CA,,18,Numbered,blue,,37.956174690256,-122.102555680136,,,,,EBT,https://www.google.com/maps/search/?api=1&query=375%20Donegal%20Way%2C%20Martinez%2C%20CA,0.1
"323 Pikes Ct, Martinez, CA",,Open in Maps,https://www.google.com/maps/search/?api=1&query=323%20Pikes%20Ct%2C%20Martinez%2C%20CA,,18,Numbered,blue,,37.955619892085,-122.10088977688,,,,,SFC,https://www.google.com/maps/search/?api=1&query=323%20Pikes%20Ct%2C%20Martinez%2C%20CA,0.1
"206 Appalachian Dr, Martinez, CA",,Open in Maps,https://www.google.com/maps/search/?api=1&query=206%20Appalachian%20Dr%2C%20Martinez%2C%20CA,,18,Numbered,blue,,37.95623151956,-122.10039985464,,,,,EBT,https://www.google.com/maps/search/?api=1&query=206%20Appalachian%20Dr%2C%20Martinez%2C%20CA,0.0
"215 Appalachian Dr, Martinez, CA",,Open in Maps,https://www.google.com/maps/search/?api=1&query=215%20Appalachian%20Dr%2C%20Martinez%2C%20CA,,18,Numbered,blue,,37.955892471576,-122.099845559383,,,,,EBT,https://www.google.com/maps/search/?api=1&query=215%20Appalachian%20Dr%2C%20Martinez%2C%20CA,0.0
"220 Appalachian Dr, Martinez, CA",,Open in Maps,https://www.google.com/maps/search/?api=1&query=220%20Appalachian%20Dr%2C%20Martinez%2C%20CA,,18,Numbered,blue,,37.955805509331,-122.100315784151,,,,,EBT,https://www.google.com/maps/search/?api=1&query=220%20Appalachian%20Dr%2C%20Martinez%2C%20CA,0.3
"315 Potomac Way, Martinez, CA",,Open in Maps,https://www.google.com/maps/search/?api=1&query=315%20Potomac%20Way%2C%20Martinez%2C%20CA,,18,Numbered,blue,,37.9592111185,-122.099188418174,,,,,EBT,https://www.google.com/maps/search/?api=1&query=315%20Potomac%20Way%2C%20Martinez%2C%20CA,0.1
"230 Paula Ct, Martinez, CA",,Open in Maps,https://www.google.com/maps/search/?api=1&query=230%20Paula%20Ct%2C%20Martinez%2C%20CA,,18,Numbered,blue,,37.95934187619,-122.098078738012,,,,,EBT,https://www.google.com/maps/search/?api=1&query=230%20Paula%20Ct%2C%20Martinez%2C%20CA,0.1
"6628 Las Animas Dr, Martinez, CA",,Open in Maps,https://www.google.com/maps/search/?api=1&query=6628%20Las%20Animas%20Dr%2C%20Martinez%2C%20CA,,18,Numbered,blue,,37.958519862945,-122.096440746494,,,,,SFC,https://www.google.com/maps/search/?api=1&query=6628%20Las%20Animas%20Dr%2C%20Martinez%2C%20CA,0.1
"6652 Las Animas Dr, Martinez, CA",,Open in Maps,https://www.google.com/maps/search/?api=1&query=6652%20Las%20Animas%20Dr%2C%20Martinez%2C%20CA,,18,Numbered,blue,,37.957375188338,-122.096410068728,,,,,EBT,https://www.google.com/maps/search/?api=1&query=6652%20Las%20Animas%20Dr%2C%20Martinez%2C%20CA,0.1
"6711 Waverly Rd, Martinez, CA",,Open in Maps,https://www.google.com/maps/search/?api=1&query=6711%20Waverly%20Rd%2C%20Martinez%2C%20CA,,18,Numbered,blue,,37.956632467898,-122.096802509435,,,,,EBT,https://www.google.com/maps/search/?api=1&query=6711%20Waverly%20Rd%2C%20Martinez%2C%20CA,0.2
"245 Appian Ct, Martinez, CA",,Open in Maps,https://www.google.com/maps/search/?api=1&query=245%20Appian%20Ct%2C%20Martinez%2C%20CA,,18,Numbered,blue,,37.955313114429,-122.098302031913,,,,,WSJ,https://www.google.com/maps/search/?api=1&query=245%20Appian%20Ct%2C%20Martinez%2C%20CA,4.2
"841 Bancroft Rd, Walnut Creek, CA",,Open in Maps,https://www.google.com/maps/search/?api=1&query=841%20Bancroft%20Rd%2C%20Walnut%20Creek%2C%20CA,,18,Numbered,blue,,37.93314298053,-122.046575882494,,,,,SFC,https://www.google.com/maps/search/?api=1&query=841%20Bancroft%20Rd%2C%20Walnut%20Creek%2C%20CA,0.1
"1035 Brightwood Ct, Walnut Creek, CA",,Open in Maps,https://www.google.com/maps/search/?api=1&query=1035%20Brightwood%20Ct%2C%20Walnut%20Creek%2C%20CA,,18,Numbered,blue,,37.93338442125,-122.045703410192,,,,,EBT,https://www.google.com/maps/search/?api=1&query=1035%20Brightwood%20Ct%2C%20Walnut%20Creek%2C%20CA,0.1
"180 Bella Serra Ct, Walnut Creek, CA",,Open in Maps,https://www.google.com/maps/search/?api=1&query=180%20Bella%20Serra%20Ct%2C%20Walnut%20Creek%2C%20CA,,18,Numbered,blue,,37.933942614092,-122.04415233901,,,,,EBT,https://www.google.com/maps/search/?api=1&query=180%20Bella%20Serra%20Ct%2C%20Walnut%20Creek%2C%20CA,0.1
"1836 Gill Port Ct, Walnut Creek, CA",,Open in Maps,https://www.google.com/maps/search/?api=1&query=1836%20Gill%20Port%20Ct%2C%20Walnut%20Creek%2C%20CA,,18,Numbered,blue,,37.933116828992,-122.04335589057,,,,,EBT,https://www.google.com/maps/search/?api=1&query=1836%20Gill%20Port%20Ct%2C%20Walnut%20Creek%2C%20CA,0.1
"1704 Cape Ct, Walnut Creek, CA",,Open in Maps,https://www.google.com/maps/search/?api=1&query=1704%20Cape%20Ct%2C%20Walnut%20Creek%2C%20CA,,18,Numbered,blue,,37.932762567854,-122.041539280695,,,,,EBT,https://www.google.com/maps/search/?api=1&query=1704%20Cape%20Ct%2C%20Walnut%20Creek%2C%20CA,0.1
"2059 Gill Port Ln, Walnut Creek, CA",,Open in Maps,https://www.google.com/maps/search/?api=1&query=2059%20Gill%20Port%20Ln%2C%20Walnut%20Creek%2C%20CA,,18,Numbered,blue,,37.931140250494,-122.041467112508,,,,,EBT WSJ,https://www.google.com/maps/search/?api=1&query=2059%20Gill%20Port%20Ln%2C%20Walnut%20Creek%2C%20CA,0.3
"2320 Gill Port Ln, Walnut Creek, CA",,Open in Maps,https://www.google.com/maps/search/?api=1&query=2320%20Gill%20Port%20Ln%2C%20Walnut%20Creek%2C%20CA,,18,Numbered,blue,,37.934679048105,-122.040604111757,,,,,SFC,https://www.google.com/maps/search/?api=1&query=2320%20Gill%20Port%20Ln%2C%20Walnut%20Creek%2C%20CA,0.0
"2329 Gill Port Ln, Walnut Creek, CA",,Open in Maps,https://www.google.com/maps/search/?api=1&query=2329%20Gill%20Port%20Ln%2C%20Walnut%20Creek%2C%20CA,,18,Numbered,blue,,37.934455544657,-122.040153333005,,,,,EBT,https://www.google.com/maps/search/?api=1&query=2329%20Gill%20Port%20Ln%2C%20Walnut%20Creek%2C%20CA,0.1
"2360 Gill Port Ln, Walnut Creek, CA",,Open in Maps,https://www.google.com/maps/search/?api=1&query=2360%20Gill%20Port%20Ln%2C%20Walnut%20Creek%2C%20CA,,18,Numbered,blue,,37.934995087765,-122.03994596472,,,,,EBT,https://www.google.com/maps/search/?api=1&query=2360%20Gill%20Port%20Ln%2C%20Walnut%20Creek%2C%20CA,0.2
"1611 Carriage Dr, Walnut Creek, CA",,Open in Maps,https://www.google.com/maps/search/?api=1&query=1611%20Carriage%20Dr%2C%20Walnut%20Creek%2C%20CA,,18,Numbered,blue,,37.932267951748,-122.040456422623,,,,,EBT,https://www.google.com/maps/search/?api=1&query=1611%20Carriage%20Dr%2C%20Walnut%20Creek%2C%20CA,0.1
"1672 Carriage Dr, Walnut Creek, CA",,Open in Maps,https://www.google.com/maps/search/?api=1&query=1672%20Carriage%20Dr%2C%20Walnut%20Creek%2C%20CA,,18,Numbered,blue,,37.93291700442,-122.040280654114,,,,,EBT,https://www.google.com/maps/search/?api=1&query=1672%20Carriage%20Dr%2C%20Walnut%20Creek%2C%20CA,0.1
"2240 Colonial Ct, Walnut Creek, California, 94598",,Open in Maps,https://www.google.com/maps/search/?api=1&query=2240%20Colonial%20Ct%2C%20Walnut%20Creek%2C%20California%2C%2094598,,18,Numbered,blue,,37.932351645051,-122.038718351181,,,,,EBT,https://www.google.com/maps/search/?api=1&query=2240%20Colonial%20Ct%2C%20Walnut%20Creek%2C%20California%2C%2094598,0.0
"1642 Crescent Dr, Walnut Creek, CA",,Open in Maps,https://www.google.com/maps/search/?api=1&query=1642%20Crescent%20Dr%2C%20Walnut%20Creek%2C%20CA,,18,Numbered,blue,,37.932470751895,-122.039207938145,,,,,EBT,https://www.google.com/maps/search/?api=1&query=1642%20Crescent%20Dr%2C%20Walnut%20Creek%2C%20CA,0.1
"1682 Crescent Dr, Walnut Creek, CA",,Open in Maps,https://www.google.com/maps/search/?api=1&query=1682%20Crescent%20Dr%2C%20Walnut%20Creek%2C%20CA,,18,Numbered,blue,,37.932971738248,-122.038550294022,,,,,EBT,https://www.google.com/maps/search/?api=1&query=1682%20Crescent%20Dr%2C%20Walnut%20Creek%2C%20CA,0.4
"1060 Bristol Ct, Walnut Creek, CA",,Open in Maps,https://www.google.com/maps/search/?api=1&query=1060%20Bristol%20Ct%2C%20Walnut%20Creek%2C%20CA,,18,Numbered,blue,,37.932115820205,-122.033195598998,,,,,EBT NYT,https://www.google.com/maps/search/?api=1&query=1060%20Bristol%20Ct%2C%20Walnut%20Creek%2C%20CA,0.1
"1013 Arkell Rd, Walnut Creek, CA",,Open in Maps,https://www.google.com/maps/search/?api=1&query=1013%20Arkell%20Rd%2C%20Walnut%20Creek%2C%20CA,,18,Numbered,blue,,37.932420544295,-122.031650395147,,,,,EBT,https://www.google.com/maps/search/?api=1&query=1013%20Arkell%20Rd%2C%20Walnut%20Creek%2C%20CA,0.2
"862 De Soto Ct, Walnut Creek, CA",,Open in Maps,https://www.google.com/maps/search/?api=1&query=862%20De%20Soto%20Ct%2C%20Walnut%20Creek%2C%20CA,,18,Numbered,blue,,37.93387270902,-122.02891118919,,,,,EBT,https://www.google.com/maps/search/?api=1&query=862%20De%20Soto%20Ct%2C%20Walnut%20Creek%2C%20CA,0.0
"870 De Soto Ct, Walnut Creek, CA",,Open in Maps,https://www.google.com/maps/search/?api=1&query=870%20De%20Soto%20Ct%2C%20Walnut%20Creek%2C%20CA,,18,Numbered,blue,,37.934102289348,-122.029025853625,,,,,EBT,https://www.google.com/maps/search/?api=1&query=870%20De%20Soto%20Ct%2C%20Walnut%20Creek%2C%20CA,0.2
"813 Kane Cir, Walnut Creek, CA",,Open in Maps,https://www.google.com/maps/search/?api=1&query=813%20Kane%20Cir%2C%20Walnut%20Creek%2C%20CA,,18,Numbered,blue,,37.931795170499,-122.02807140631,,,,,EBT,https://www.google.com/maps/search/?api=1&query=813%20Kane%20Cir%2C%20Walnut%20Creek%2C%20CA,0.1
"831 Kane Cir, Walnut Creek, CA",,Open in Maps,https://www.google.com/maps/search/?api=1&query=831%20Kane%20Cir%2C%20Walnut%20Creek%2C%20CA,,18,Numbered,blue,,37.931556537716,-122.028844636878,,,,,EBT,https://www.google.com/maps/search/?api=1&query=831%20Kane%20Cir%2C%20Walnut%20Creek%2C%20CA,1.0
"161 Via Monte, Walnut Creek, CA",,Open in Maps,https://www.google.com/maps/search/?api=1&query=161%20Via%20Monte%2C%20Walnut%20Creek%2C%20CA,,18,Numbered,blue,,37.924250032717,-122.017374170021,,,,,EBT,https://www.google.com/maps/search/?api=1&query=161%20Via%20Monte%2C%20Walnut%20Creek%2C%20CA,0.1
"2835 Encina Camino, Walnut Creek, CA",,Open in Maps,https://www.google.com/maps/search/?api=1&query=2835%20Encina%20Camino%2C%20Walnut%20Creek%2C%20CA,,18,Numbered,blue,,37.924598552252,-122.015909180984,,,,,EBT,https://www.google.com/maps/search/?api=1&query=2835%20Encina%20Camino%2C%20Walnut%20Creek%2C%20CA,0.0
"2845 Encina Camino, Walnut Creek, CA",,Open in Maps,https://www.google.com/maps/search/?api=1&query=2845%20Encina%20Camino%2C%20Walnut%20Creek%2C%20CA,,18,Numbered,blue,,37.924716569448,-122.015571390286,,,,,EBT,https://www.google.com/maps/search/?api=1&query=2845%20Encina%20Camino%2C%20Walnut%20Creek%2C%20CA,0.2
"2916 Encina Camino, Walnut Creek, CA",,Open in Maps,https://www.google.com/maps/search/?api=1&query=2916%20Encina%20Camino%2C%20Walnut%20Creek%2C%20CA,,18,Numbered,blue,,37.92600197621,-122.013794175356,,,,,EBT,https://www.google.com/maps/search/?api=1&query=2916%20Encina%20Camino%2C%20Walnut%20Creek%2C%20CA,0.2
"241 Rosa Corte, Walnut Creek, CA",,Open in Maps,https://www.google.com/maps/search/?api=1&query=241%20Rosa%20Corte%2C%20Walnut%20Creek%2C%20CA,,18,Numbered,blue,,37.924130590597,-122.014949955984,,,,,WSJ,https://www.google.com/maps/search/?api=1&query=241%20Rosa%20Corte%2C%20Walnut%20Creek%2C%20CA,0.0
"242 Rosa Corte, Walnut Creek, CA",,Open in Maps,https://www.google.com/maps/search/?api=1&query=242%20Rosa%20Corte%2C%20Walnut%20Creek%2C%20CA,,18,Numbered,blue,,37.924232891725,-122.014658936306,,,,,SFC,https://www.google.com/maps/search/?api=1&query=242%20Rosa%20Corte%2C%20Walnut%20Creek%2C%20CA,0.1
"256 Encina Corte, Walnut Creek, CA",,Open in Maps,https://www.google.com/maps/search/?api=1&query=256%20Encina%20Corte%2C%20Walnut%20Creek%2C%20CA,,18,Numbered,blue,,37.924767196143,-122.013120857074,,,,,EBT,https://www.google.com/maps/search/?api=1&query=256%20Encina%20Corte%2C%20Walnut%20Creek%2C%20CA,0.1
"2661 Oak Grove Rd, Walnut Creek, CA",,Open in Maps,https://www.google.com/maps/search/?api=1&query=2661%20Oak%20Grove%20Rd%2C%20Walnut%20Creek%2C%20CA,,18,Numbered,blue,,37.924179792369,-122.012512917636,,,,,NYT SFC WSJ,https://www.google.com/maps/search/?api=1&query=2661%20Oak%20Grove%20Rd%2C%20Walnut%20Creek%2C%20CA,0.2
"2851 Oak Grove Rd, Walnut Creek, CA",,Open in Maps,https://www.google.com/maps/search/?api=1&query=2851%20Oak%20Grove%20Rd%2C%20Walnut%20Creek%2C%20CA,,18,Numbered,blue,,37.921999114529,-122.01142788027,,,,,NYT,https://www.google.com/maps/search/?api=1&query=2851%20Oak%20Grove%20Rd%2C%20Walnut%20Creek%2C%20CA,0.2
"2866 Deerpark Dr, Walnut Creek, CA",,Open in Maps,https://www.google.com/maps/search/?api=1&query=2866%20Deerpark%20Dr%2C%20Walnut%20Creek%2C%20CA,,18,Numbered,blue,,37.922945766674,-122.013944630518,,,,,EBT,https://www.google.com/maps/search/?api=1&query=2866%20Deerpark%20Dr%2C%20Walnut%20Creek%2C%20CA,0.1
"320 Menlo Ct, Walnut Creek, CA",,Open in Maps,https://www.google.com/maps/search/?api=1&query=320%20Menlo%20Ct%2C%20Walnut%20Creek%2C%20CA,,18,Numbered,blue,,37.922683916019,-122.012058283208,,,,,WSJ,https://www.google.com/maps/search/?api=1&query=320%20Menlo%20Ct%2C%20Walnut%20Creek%2C%20CA,0.1
"337 Menlo Ct, Walnut Creek, CA",,Open in Maps,https://www.google.com/maps/search/?api=1&query=337%20Menlo%20Ct%2C%20Walnut%20Creek%2C%20CA,,18,Numbered,blue,,37.922202710957,-122.012528591795,,,,,EBT,https://www.google.com/maps/search/?api=1&query=337%20Menlo%20Ct%2C%20Walnut%20Creek%2C%20CA,0.0
"350 Menlo Ct, Walnut Creek, CA",,Open in Maps,https://www.google.com/maps/search/?api=1&query=350%20Menlo%20Ct%2C%20Walnut%20Creek%2C%20CA,,18,Numbered,blue,,37.921991151721,-122.01189709921,,,,,EBT,https://www.google.com/maps/search/?api=1&query=350%20Menlo%20Ct%2C%20Walnut%20Creek%2C%20CA,0.1
"327 Mangrove Way, Walnut Creek, CA",,Open in Maps,https://www.google.com/maps/search/?api=1&query=327%20Mangrove%20Way%2C%20Walnut%20Creek%2C%20CA,,18,Numbered,blue,,37.92206487056,-122.013561326085,,,,,EBT WSJ,https://www.google.com/maps/search/?api=1&query=327%20Mangrove%20Way%2C%20Walnut%20Creek%2C%20CA,0.1
"355 Mangrove Way, Walnut Creek, CA",,Open in Maps,https://www.google.com/maps/search/?api=1&query=355%20Mangrove%20Way%2C%20Walnut%20Creek%2C%20CA,,18,Numbered,blue,,37.921242689677,-122.013338535099,,,,,NYT,https://www.google.com/maps/search/?api=1&query=355%20Mangrove%20Way%2C%20Walnut%20Creek%2C%20CA,0.5
"2520 Cedro Ln, Walnut Creek, CA",,Open in Maps,https://www.google.com/maps/search/?api=1&query=2520%20Cedro%20Ln%2C%20Walnut%20Creek%2C%20CA,,18,Numbered,blue,,37.919785579629,-122.020726596015,,,,,EBT,https://www.google.com/maps/search/?api=1&query=2520%20Cedro%20Ln%2C%20Walnut%20Creek%2C%20CA,0.5
"2863 Cedro Ln, Walnut Creek, CA",,Open in Maps,https://www.google.com/maps/search/?api=1&query=2863%20Cedro%20Ln%2C%20Walnut%20Creek%2C%20CA,,18,Numbered,blue,,37.921545905025,-122.013825439854,,,,,EBT,https://www.google.com/maps/search/?api=1&query=2863%20Cedro%20Ln%2C%20Walnut%20Creek%2C%20CA,0.1
"2870 Cedro Ln, Walnut Creek, CA",,Open in Maps,https://www.google.com/maps/search/?api=1&query=2870%20Cedro%20Ln%2C%20Walnut%20Creek%2C%20CA,,18,Numbered,blue,,37.920773722194,-122.013486559509,,,,,NYT,https://www.google.com/maps/search/?api=1&query=2870%20Cedro%20Ln%2C%20Walnut%20Creek%2C%20CA,0.1
"2939 Cedro Ln, Walnut Creek, CA",,Open in Maps,https://www.google.com/maps/search/?api=1&query=2939%20Cedro%20Ln%2C%20Walnut%20Creek%2C%20CA,,18,Numbered,blue,,37.921560028531,-122.01209273283,,,,,EBT,https://www.google.com/maps/search/?api=1&query=2939%20Cedro%20Ln%2C%20Walnut%20Creek%2C%20CA,0.1
"2973 Cedro Ln, Walnut Creek, CA",,Open in Maps,https://www.google.com/maps/search/?api=1&query=2973%20Cedro%20Ln%2C%20Walnut%20Creek%2C%20CA,,18,Numbered,blue,,37.921702437066,-122.011391167534,,,,,EBT,https://www.google.com/maps/search/?api=1&query=2973%20Cedro%20Ln%2C%20Walnut%20Creek%2C%20CA,0.2
"329 Deerpark Ct, Walnut Creek, CA",,Open in Maps,https://www.google.com/maps/search/?api=1&query=329%20Deerpark%20Ct%2C%20Walnut%20Creek%2C%20CA,,18,Numbered,blue,,37.921835876965,-122.014390631586,,,,,EBT,https://www.google.com/maps/search/?api=1&query=329%20Deerpark%20Ct%2C%20Walnut%20Creek%2C%20CA,0.2
"3036 Avellano Dr, Walnut Creek, CA",,Open in Maps,https://www.google.com/maps/search/?api=1&query=3036%20Avellano%20Dr%2C%20Walnut%20Creek%2C%20CA,,18,Numbered,blue,,37.92028417714,-122.015416576534,,,,,CAP WSJ,https://www.google.com/maps/search/?api=1&query=3036%20Avellano%20Dr%2C%20Walnut%20Creek%2C%20CA,0.1
"3048 Avellano Dr, Walnut Creek, CA",,Open in Maps,https://www.google.com/maps/search/?api=1&query=3048%20Avellano%20Dr%2C%20Walnut%20Creek%2C%20CA,,18,Numbered,blue,,37.919601722583,-122.015244915157,,,,,EBT,https://www.google.com/maps/search/?api=1&query=3048%20Avellano%20Dr%2C%20Walnut%20Creek%2C%20CA,0.1
"3061 Avellano Dr, Walnut Creek, CA",,Open in Maps,https://www.google.com/maps/search/?api=1&query=3061%20Avellano%20Dr%2C%20Walnut%20Creek%2C%20CA,,18,Numbered,blue,,37.918891691565,-122.015623106628,,,,,EBT,https://www.google.com/maps/search/?api=1&query=3061%20Avellano%20Dr%2C%20Walnut%20Creek%2C%20CA,0.0
"3066 Avellano Dr, Walnut Creek, CA",,Open in Maps,https://www.google.com/maps/search/?api=1&query=3066%20Avellano%20Dr%2C%20Walnut%20Creek%2C%20CA,,18,Numbered,blue,,37.91862380594,-122.015033188283,,,,,EBT UST,https://www.google.com/maps/search/?api=1&query=3066%20Avellano%20Dr%2C%20Walnut%20Creek%2C%20CA,0.2
"3036 Naranja Dr, Walnut Creek, CA",,Open in Maps,https://www.google.com/maps/search/?api=1&query=3036%20Naranja%20Dr%2C%20Walnut%20Creek%2C%20CA,,18,Numbered,blue,,37.920498963408,-122.014487358748,,,,,EBT SFC,https://www.google.com/maps/search/?api=1&query=3036%20Naranja%20Dr%2C%20Walnut%20Creek%2C%20CA,0.0
"3043 Naranja Dr, Walnut Creek, CA",,Open in Maps,https://www.google.com/maps/search/?api=1&query=3043%20Naranja%20Dr%2C%20Walnut%20Creek%2C%20CA,,18,Numbered,blue,,37.920020608194,-122.014841997072,,,,,EBT,https://www.google.com/maps/search/?api=1&query=3043%20Naranja%20Dr%2C%20Walnut%20Creek%2C%20CA,0.1
"3073 Naranja Dr, Walnut Creek, CA",,Open in Maps,https://www.google.com/maps/search/?api=1&query=3073%20Naranja%20Dr%2C%20Walnut%20Creek%2C%20CA,,18,Numbered,blue,,37.918368702716,-122.014546451166,,,,,SFC,https://www.google.com/maps/search/?api=1&query=3073%20Naranja%20Dr%2C%20Walnut%20Creek%2C%20CA,0.1
"3084 Naranja Dr, Walnut Creek, CA",,Open in Maps,https://www.google.com/maps/search/?api=1&query=3084%20Naranja%20Dr%2C%20Walnut%20Creek%2C%20CA,,18,Numbered,blue,,37.918029277547,-122.013929878368,,,,,EBT,https://www.google.com/maps/search/?api=1&query=3084%20Naranja%20Dr%2C%20Walnut%20Creek%2C%20CA,0.3
"3034 Cafeto Dr, Walnut Creek, CA",,Open in Maps,https://www.google.com/maps/search/?api=1&query=3034%20Cafeto%20Dr%2C%20Walnut%20Creek%2C%20CA,,18,Numbered,blue,,37.920075761117,-122.01637781319,,,,,WSJ,https://www.google.com/maps/search/?api=1&query=3034%20Cafeto%20Dr%2C%20Walnut%20Creek%2C%20CA,0.1
"3060 Cafeto Dr, Walnut Creek, CA",,Open in Maps,https://www.google.com/maps/search/?api=1&query=3060%20Cafeto%20Dr%2C%20Walnut%20Creek%2C%20CA,,18,Numbered,blue,,37.918466938622,-122.016002471566,,,,,EBT,https://www.google.com/maps/search/?api=1&query=3060%20Cafeto%20Dr%2C%20Walnut%20Creek%2C%20CA,0.2
"91 Arbolado Dr, Walnut Creek, CA",,Open in Maps,https://www.google.com/maps/search/?api=1&query=91%20Arbolado%20Dr%2C%20Walnut%20Creek%2C%20CA,,18,Numbered,blue,,37.91720487546,-122.01437034738,,,,,EBT,https://www.google.com/maps/search/?api=1&query=91%20Arbolado%20Dr%2C%20Walnut%20Creek%2C%20CA,0.0
"93 Arbolado Dr, Walnut Creek, CA",,Open in Maps,https://www.google.com/maps/search/?api=1&query=93%20Arbolado%20Dr%2C%20Walnut%20Creek%2C%20CA,,18,Numbered,blue,,37.917179059199,-122.014802183031,,,,,EBT,https://www.google.com/maps/search/?api=1&query=93%20Arbolado%20Dr%2C%20Walnut%20Creek%2C%20CA,0.2
"155 Arbolado Dr, Walnut Creek, CA",,Open in Maps,https://www.google.com/maps/search/?api=1&query=155%20Arbolado%20Dr%2C%20Walnut%20Creek%2C%20CA,,18,Numbered,blue,,37.916650328746,-122.0174590787,,,,,EBT,https://www.google.com/maps/search/?api=1&query=155%20Arbolado%20Dr%2C%20Walnut%20Creek%2C%20CA,0.1
"172 Arbolado Dr, Walnut Creek, CA",,Open in Maps,https://www.google.com/maps/search/?api=1&query=172%20Arbolado%20Dr%2C%20Walnut%20Creek%2C%20CA,,18,Numbered,blue,,37.9167945813,-122.018950386913,,,,,EBT,https://www.google.com/maps/search/?api=1&query=172%20Arbolado%20Dr%2C%20Walnut%20Creek%2C%20CA,0.0
"3104 Perra Way, Walnut Creek, CA",,Open in Maps,https://www.google.com/maps/search/?api=1&query=3104%20Perra%20Way%2C%20Walnut%20Creek%2C%20CA,,18,Numbered,blue,,37.916276663503,-122.019055747436,,,,,EBT SFC WSJ,https://www.google.com/maps/search/?api=1&query=3104%20Perra%20Way%2C%20Walnut%20Creek%2C%20CA,0.0
"3114 Perra Way, Walnut Creek, CA",,Open in Maps,https://www.google.com/maps/search/?api=1&query=3114%20Perra%20Way%2C%20Walnut%20Creek%2C%20CA,,18,Numbered,blue,,37.915877643002,-122.019026075499,,,,,WSJ,https://www.google.com/maps/search/?api=1&query=3114%20Perra%20Way%2C%20Walnut%20Creek%2C%20CA,0.5
"264 Ebano Dr, Walnut Creek, CA",,Open in Maps,https://www.google.com/maps/search/?api=1&query=264%20Ebano%20Dr%2C%20Walnut%20Creek%2C%20CA,,18,Numbered,blue,,37.921169683301,-122.019583388241,,,,,EBT,https://www.google.com/maps/search/?api=1&query=264%20Ebano%20Dr%2C%20Walnut%20Creek%2C%20CA,0.0
"265 Ebano Dr, Walnut Creek, CA",,Open in Maps,https://www.google.com/maps/search/?api=1&query=265%20Ebano%20Dr%2C%20Walnut%20Creek%2C%20CA,,18,Numbered,blue,,37.921005356089,-122.020058223056,,,,,EBT,https://www.google.com/maps/search/?api=1&query=265%20Ebano%20Dr%2C%20Walnut%20Creek%2C%20CA,0.2
"3048 Ebano Dr, Walnut Creek, CA",,Open in Maps,https://www.google.com/maps/search/?api=1&query=3048%20Ebano%20Dr%2C%20Walnut%20Creek%2C%20CA,,18,Numbered,blue,,37.919140717908,-122.019191031353,,,,,EBT WSJ,https://www.google.com/maps/search/?api=1&query=3048%20Ebano%20Dr%2C%20Walnut%20Creek%2C%20CA,0.1
"3073 Ebano Dr, Walnut Creek, CA",,Open in Maps,https://www.google.com/maps/search/?api=1&query=3073%20Ebano%20Dr%2C%20Walnut%20Creek%2C%20CA,,18,Numbered,blue,,37.917922701648,-122.018018906013,,,,,EBT,https://www.google.com/maps/search/?api=1&query=3073%20Ebano%20Dr%2C%20Walnut%20Creek%2C%20CA,0.0
"3085 Ebano Dr, Walnut Creek, CA",,Open in Maps,https://www.google.com/maps/search/?api=1&query=3085%20Ebano%20Dr%2C%20Walnut%20Creek%2C%20CA,,18,Numbered,blue,,37.917450004219,-122.017797288493,,,,,SFC,https://www.google.com/maps/search/?api=1&query=3085%20Ebano%20Dr%2C%20Walnut%20Creek%2C%20CA,0.1
"3106 Ebano Dr, Walnut Creek, CA",,Open in Maps,https://www.google.com/maps/search/?api=1&query=3106%20Ebano%20Dr%2C%20Walnut%20Creek%2C%20CA,,18,Numbered,blue,,37.916165729014,-122.017854369254,,,,,SFC WSJ,https://www.google.com/maps/search/?api=1&query=3106%20Ebano%20Dr%2C%20Walnut%20Creek%2C%20CA,0.2
"146 Cerezo Dr, Walnut Creek, CA",,Open in Maps,https://www.google.com/maps/search/?api=1&query=146%20Cerezo%20Dr%2C%20Walnut%20Creek%2C%20CA,,18,Numbered,blue,,37.917980369142,-122.0174590787,,,,,EBT,https://www.google.com/maps/search/?api=1&query=146%20Cerezo%20Dr%2C%20Walnut%20Creek%2C%20CA,0.3
"2410 Lomond Ln, Walnut Creek, CA",,Open in Maps,https://www.google.com/maps/search/?api=1&query=2410%20Lomond%20Ln%2C%20Walnut%20Creek%2C%20CA,,18,Numbered,blue,,37.916988873816,-122.021017280417,,,,,WSJ,https://www.google.com/maps/search/?api=1&query=2410%20Lomond%20Ln%2C%20Walnut%20Creek%2C%20CA,0.2
"555 Dover Dr, Walnut Creek, CA",,Open in Maps,https://www.google.com/maps/search/?api=1&query=555%20Dover%20Dr%2C%20Walnut%20Creek%2C%20CA,,18,Numbered,blue,,37.916173524184,-122.023921945143,,,,,NYT,https://www.google.com/maps/search/?api=1&query=555%20Dover%20Dr%2C%20Walnut%20Creek%2C%20CA,0.1
"570 Dover Dr, Walnut Creek, CA",,Open in Maps,https://www.google.com/maps/search/?api=1&query=570%20Dover%20Dr%2C%20Walnut%20Creek%2C%20CA,,18,Numbered,blue,,37.915949727369,-122.023250889975,,,,,EBT,https://www.google.com/maps/search/?api=1&query=570%20Dover%20Dr%2C%20Walnut%20Creek%2C%20CA,0.5
"330 Walnut Ave, Walnut Creek, CA",,Open in Maps,https://www.google.com/maps/search/?api=1&query=330%20Walnut%20Ave%2C%20Walnut%20Creek%2C%20CA,,18,Numbered,blue,,37.918688388503,-122.030081638149,,,,,EBT NYT,https://www.google.com/maps/search/?api=1&query=330%20Walnut%20Ave%2C%20Walnut%20Creek%2C%20CA,0.2
"435 Walnut Ave, Walnut Creek, CA",,Open in Maps,https://www.google.com/maps/search/?api=1&query=435%20Walnut%20Ave%2C%20Walnut%20Creek%2C%20CA,,18,Numbered,blue,,37.916994238234,-122.028406263342,,,,,EBT,https://www.google.com/maps/search/?api=1&query=435%20Walnut%20Ave%2C%20Walnut%20Creek%2C%20CA,0.3
"586 Walnut Ave, Walnut Creek, CA",,Open in Maps,https://www.google.com/maps/search/?api=1&query=586%20Walnut%20Ave%2C%20Walnut%20Creek%2C%20CA,,18,Numbered,blue,,37.915787076538,-122.023834689531,,,,,EBT,https://www.google.com/maps/search/?api=1&query=586%20Walnut%20Ave%2C%20Walnut%20Creek%2C%20CA,0.2
"825 Walnut Ave, Walnut Creek, CA",,Open in Maps,https://www.google.com/maps/search/?api=1&query=825%20Walnut%20Ave%2C%20Walnut%20Creek%2C%20CA,,18,Numbered,blue,,37.914852410515,-122.021424976187,,,,,EBT,https://www.google.com/maps/search/?api=1&query=825%20Walnut%20Ave%2C%20Walnut%20Creek%2C%20CA,0.2
"706 Spring Dr, Walnut Creek, CA",,Open in Maps,https://www.google.com/maps/search/?api=1&query=706%20Spring%20Dr%2C%20Walnut%20Creek%2C%20CA,,18,Numbered,blue,,37.914444840473,-122.023665794182,,,,,EBT,https://www.google.com/maps/search/?api=1&query=706%20Spring%20Dr%2C%20Walnut%20Creek%2C%20CA,0.1
"727 Spring Dr, Walnut Creek, CA",,Open in Maps,https://www.google.com/maps/search/?api=1&query=727%20Spring%20Dr%2C%20Walnut%20Creek%2C%20CA,,18,Numbered,blue,,37.914007808042,-122.024134174932,,,,,EBT,https://www.google.com/maps/search/?api=1&query=727%20Spring%20Dr%2C%20Walnut%20Creek%2C%20CA,0.1
"844 Spring Dr, Walnut Creek, CA",,Open in Maps,https://www.google.com/maps/search/?api=1&query=844%20Spring%20Dr%2C%20Walnut%20Creek%2C%20CA,,18,Numbered,blue,,37.912604803179,-122.023664033983,,,,,EBT,https://www.google.com/maps/search/?api=1&query=844%20Spring%20Dr%2C%20Walnut%20Creek%2C%20CA,0.1
"741 Autumn Dr, Walnut Creek, CA",,Open in Maps,https://www.google.com/maps/search/?api=1&query=741%20Autumn%20Dr%2C%20Walnut%20Creek%2C%20CA,,18,Numbered,blue,,37.913690427278,-122.022560053516,,,,,WSJ,https://www.google.com/maps/search/?api=1&query=741%20Autumn%20Dr%2C%20Walnut%20Creek%2C%20CA,0.2
"737 Wiget Ln, Walnut Creek, CA",,Open in Maps,https://www.google.com/maps/search/?api=1&query=737%20Wiget%20Ln%2C%20Walnut%20Creek%2C%20CA,,18,Numbered,blue,,37.913763768931,-122.020166349607,,,,,WSJ,https://www.google.com/maps/search/?api=1&query=737%20Wiget%20Ln%2C%20Walnut%20Creek%2C%20CA,0.2
"833 Wiget Ln, Walnut Creek, CA",,Open in Maps,https://www.google.com/maps/search/?api=1&query=833%20Wiget%20Ln%2C%20Walnut%20Creek%2C%20CA,,18,Numbered,blue,,37.912083490711,-122.020612266856,,,,,EBT,https://www.google.com/maps/search/?api=1&query=833%20Wiget%20Ln%2C%20Walnut%20Creek%2C%20CA,0.3
"1022 Wiget Ln, Walnut Creek, CA",,Open in Maps,https://www.google.com/maps/search/?api=1&query=1022%20Wiget%20Ln%2C%20Walnut%20Creek%2C%20CA,,18,Numbered,blue,,37.908752270932,-122.02013139707,,,,,EBT,https://www.google.com/maps/search/?api=1&query=1022%20Wiget%20Ln%2C%20Walnut%20Creek%2C%20CA,0.1
"1114 Wiget Ln, Walnut Creek, CA",,Open in Maps,https://www.google.com/maps/search/?api=1&query=1114%20Wiget%20Ln%2C%20Walnut%20Creek%2C%20CA,,18,Numbered,blue,,37.907293945508,-122.020049757333,,,,,EBT,https://www.google.com/maps/search/?api=1&query=1114%20Wiget%20Ln%2C%20Walnut%20Creek%2C%20CA,0.1
"1145 Wiget Ln, Walnut Creek, CA",,Open in Maps,https://www.google.com/maps/search/?api=1&query=1145%20Wiget%20Ln%2C%20Walnut%20Creek%2C%20CA,,18,Numbered,blue,,37.906489743808,-122.020654092552,,,,,WSJ,https://www.google.com/maps/search/?api=1&query=1145%20Wiget%20Ln%2C%20Walnut%20Creek%2C%20CA,0.6
"807 Cheyenne Dr, Walnut Creek, CA",,Open in Maps,https://www.google.com/maps/search/?api=1&query=807%20Cheyenne%20Dr%2C%20Walnut%20Creek%2C%20CA,,18,Numbered,blue,,37.912689586129,-122.018063413919,,,,,EBT,https://www.google.com/maps/search/?api=1&query=807%20Cheyenne%20Dr%2C%20Walnut%20Creek%2C%20CA,0.2
"924 Cheyenne Dr, Walnut Creek, CA",,Open in Maps,https://www.google.com/maps/search/?api=1&query=924%20Cheyenne%20Dr%2C%20Walnut%20Creek%2C%20CA,,18,Numbered,blue,,37.910738949622,-122.018059306786,,,,,SFC,https://www.google.com/maps/search/?api=1&query=924%20Cheyenne%20Dr%2C%20Walnut%20Creek%2C%20CA,0.0
"931 Cheyenne Dr, Walnut Creek, CA",,Open in Maps,https://www.google.com/maps/search/?api=1&query=931%20Cheyenne%20Dr%2C%20Walnut%20Creek%2C%20CA,,18,Numbered,blue,,37.91051058467,-122.018613518224,,,,,EBT,https://www.google.com/maps/search/?api=1&query=931%20Cheyenne%20Dr%2C%20Walnut%20Creek%2C%20CA,0.1
"950 Cheyenne Dr, Walnut Creek, CA",,Open in Maps,https://www.google.com/maps/search/?api=1&query=950%20Cheyenne%20Dr%2C%20Walnut%20Creek%2C%20CA,,18,Numbered,blue,,37.909519717986,-122.017703662635,,,,,EBT,https://www.google.com/maps/search/?api=1&query=950%20Cheyenne%20Dr%2C%20Walnut%20Creek%2C%20CA,0.1
"955 Cheyenne Dr, Walnut Creek, CA",,Open in Maps,https://www.google.com/maps/search/?api=1&query=955%20Cheyenne%20Dr%2C%20Walnut%20Creek%2C%20CA,,18,Numbered,blue,,37.908940570387,-122.017835426153,,,,,NYT WSJ,https://www.google.com/maps/search/?api=1&query=955%20Cheyenne%20Dr%2C%20Walnut%20Creek%2C%20CA,0.3
"2509 Mohawk Ct, Walnut Creek, CA",,Open in Maps,https://www.google.com/maps/search/?api=1&query=2509%20Mohawk%20Ct%2C%20Walnut%20Creek%2C%20CA,,18,Numbered,blue,,37.912020039704,-122.020125445919,,,,,EBT,https://www.google.com/maps/search/?api=1&query=2509%20Mohawk%20Ct%2C%20Walnut%20Creek%2C%20CA,0.0
"2519 Mohawk Ct, Walnut Creek, CA",,Open in Maps,https://www.google.com/maps/search/?api=1&query=2519%20Mohawk%20Ct%2C%20Walnut%20Creek%2C%20CA,,18,Numbered,blue,,37.912054028321,-122.019836521717,,,,,EBT,https://www.google.com/maps/search/?api=1&query=2519%20Mohawk%20Ct%2C%20Walnut%20Creek%2C%20CA,0.3
"923 Pacific Ct, Walnut Creek, California, 94598",,Open in Maps,https://www.google.com/maps/search/?api=1&query=923%20Pacific%20Ct%2C%20Walnut%20Creek%2C%20California%2C%2094598,,18,Numbered,blue,,37.910282261628,-122.023238736216,,,,,EBT,https://www.google.com/maps/search/?api=1&query=923%20Pacific%20Ct%2C%20Walnut%20Creek%2C%20California%2C%2094598,0.2
"1005 Springfield Dr, Walnut Creek, California, 94598",,Open in Maps,https://www.google.com/maps/search/?api=1&query=1005%20Springfield%20Dr%2C%20Walnut%20Creek%2C%20California%2C%2094598,,18,Numbered,blue,,37.909040105487,-122.021789337519,,,,,SFC,https://www.google.com/maps/search/?api=1&query=1005%20Springfield%20Dr%2C%20Walnut%20Creek%2C%20California%2C%2094598,0.1
"1021 Springfield Dr, Walnut Creek, California, 94598",,Open in Maps,https://www.google.com/maps/search/?api=1&query=1021%20Springfield%20Dr%2C%20Walnut%20Creek%2C%20California%2C%2094598,,18,Numbered,blue,,37.908029876607,-122.021803754392,,,,,WSJ,https://www.google.com/maps/search/?api=1&query=1021%20Springfield%20Dr%2C%20Walnut%20Creek%2C%20California%2C%2094598,0.0
"1024 Springfield Dr, Walnut Creek, California, 94598",,Open in Maps,https://www.google.com/maps/search/?api=1&query=1024%20Springfield%20Dr%2C%20Walnut%20Creek%2C%20California%2C%2094598,,18,Numbered,blue,,37.907834410625,-122.021289356994,,,,,EBT NYT SFC WSJ,https://www.google.com/maps/search/?api=1&query=1024%20Springfield%20Dr%2C%20Walnut%20Creek%2C%20California%2C%2094598,0.0
"1030 Springfield Dr, Walnut Creek, California, 94598",,Open in Maps,https://www.google.com/maps/search/?api=1&query=1030%20Springfield%20Dr%2C%20Walnut%20Creek%2C%20California%2C%2094598,,18,Numbered,blue,,37.907341261351,-122.021487589004,,,,,WSJ,https://www.google.com/maps/search/?api=1&query=1030%20Springfield%20Dr%2C%20Walnut%20Creek%2C%20California%2C%2094598,0.0
"1038 Springfield Dr, Walnut Creek, California, 94598",,Open in Maps,https://www.google.com/maps/search/?api=1&query=1038%20Springfield%20Dr%2C%20Walnut%20Creek%2C%20California%2C%2094598,,18,Numbered,blue,,37.907097641335,-122.022078680816,,,,,EBT,https://www.google.com/maps/search/?api=1&query=1038%20Springfield%20Dr%2C%20Walnut%20Creek%2C%20California%2C%2094598,0.0
"1042 Springfield Dr, Walnut Creek, California, 94598",,Open in Maps,https://www.google.com/maps/search/?api=1&query=1042%20Springfield%20Dr%2C%20Walnut%20Creek%2C%20California%2C%2094598,,18,Numbered,blue,,37.907040728213,-122.022416890609,,,,,SFC,https://www.google.com/maps/search/?api=1&query=1042%20Springfield%20Dr%2C%20Walnut%20Creek%2C%20California%2C%2094598,0.1
"1071 Springfield Dr, Walnut Creek, California, 94598",,Open in Maps,https://www.google.com/maps/search/?api=1&query=1071%20Springfield%20Dr%2C%20Walnut%20Creek%2C%20California%2C%2094598,,18,Numbered,blue,,37.908545363652,-122.022597017709,,,,,EBT,https://www.google.com/maps/search/?api=1&query=1071%20Springfield%20Dr%2C%20Walnut%20Creek%2C%20California%2C%2094598,0.2
"2555 Chinook Dr, Walnut Creek, CA",,Open in Maps,https://www.google.com/maps/search/?api=1&query=2555%20Chinook%20Dr%2C%20Walnut%20Creek%2C%20CA,,18,Numbered,blue,,37.908173668156,-122.019522451805,,,,,NYT,https://www.google.com/maps/search/?api=1&query=2555%20Chinook%20Dr%2C%20Walnut%20Creek%2C%20CA,0.2
"2617 Chinook Dr, Walnut Creek, CA",,Open in Maps,https://www.google.com/maps/search/?api=1&query=2617%20Chinook%20Dr%2C%20Walnut%20Creek%2C%20CA,,18,Numbered,blue,,37.907022162297,-122.017501658768,,,,,EBT,https://www.google.com/maps/search/?api=1&query=2617%20Chinook%20Dr%2C%20Walnut%20Creek%2C%20CA,0.2
"2546 Comistas Dr, Walnut Creek, CA",,Open in Maps,https://www.google.com/maps/search/?api=1&query=2546%20Comistas%20Dr%2C%20Walnut%20Creek%2C%20CA,,18,Numbered,blue,,37.909207408274,-122.018843852924,,,,,EBT,https://www.google.com/maps/search/?api=1&query=2546%20Comistas%20Dr%2C%20Walnut%20Creek%2C%20CA,0.1
"2575 Comistas Dr, Walnut Creek, CA",,Open in Maps,https://www.google.com/maps/search/?api=1&query=2575%20Comistas%20Dr%2C%20Walnut%20Creek%2C%20CA,,18,Numbered,blue,,37.908412049482,-122.0185896298,,,,,EBT,https://www.google.com/maps/search/?api=1&query=2575%20Comistas%20Dr%2C%20Walnut%20Creek%2C%20CA,0.0
"2586 Comistas Dr, Walnut Creek, CA",,Open in Maps,https://www.google.com/maps/search/?api=1&query=2586%20Comistas%20Dr%2C%20Walnut%20Creek%2C%20CA,,18,Numbered,blue,,37.908465400296,-122.017982528553,,,,,EBT SFC,https://www.google.com/maps/search/?api=1&query=2586%20Comistas%20Dr%2C%20Walnut%20Creek%2C%20CA,0.2
"2656 Comistas Dr, Walnut Creek, CA",,Open in Maps,https://www.google.com/maps/search/?api=1&query=2656%20Comistas%20Dr%2C%20Walnut%20Creek%2C%20CA,,18,Numbered,blue,,37.907296837264,-122.015397298157,,,,,EBT WSJ,https://www.google.com/maps/search/?api=1&query=2656%20Comistas%20Dr%2C%20Walnut%20Creek%2C%20CA,0.4
"909 Natchez Dr, Walnut Creek, CA",,Open in Maps,https://www.google.com/maps/search/?api=1&query=909%20Natchez%20Dr%2C%20Walnut%20Creek%2C%20CA,,18,Numbered,blue,,37.911379285115,-122.017383054838,,,,,EBT,https://www.google.com/maps/search/?api=1&query=909%20Natchez%20Dr%2C%20Walnut%20Creek%2C%20CA,0.1
"929 Natchez Dr, Walnut Creek, CA",,Open in Maps,https://www.google.com/maps/search/?api=1&query=929%20Natchez%20Dr%2C%20Walnut%20Creek%2C%20CA,,18,Numbered,blue,,37.910658944357,-122.017562511385,,,,,EBT,https://www.google.com/maps/search/?api=1&query=929%20Natchez%20Dr%2C%20Walnut%20Creek%2C%20CA,0.0
"933 Natchez Dr, Walnut Creek, CA",,Open in Maps,https://www.google.com/maps/search/?api=1&query=933%20Natchez%20Dr%2C%20Walnut%20Creek%2C%20CA,,18,Numbered,blue,,37.910142870578,-122.017449439511,,,,,EBT WSJ,https://www.google.com/maps/search/?api=1&query=933%20Natchez%20Dr%2C%20Walnut%20Creek%2C%20CA,0.0
"939 Natchez Dr, Walnut Creek, CA",,Open in Maps,https://www.google.com/maps/search/?api=1&query=939%20Natchez%20Dr%2C%20Walnut%20Creek%2C%20CA,,18,Numbered,blue,,37.909904112066,-122.017353131444,,,,,WSJ,https://www.google.com/maps/search/?api=1&query=939%20Natchez%20Dr%2C%20Walnut%20Creek%2C%20CA,0.2
"976 Natchez Dr, Walnut Creek, CA",,Open in Maps,https://www.google.com/maps/search/?api=1&query=976%20Natchez%20Dr%2C%20Walnut%20Creek%2C%20CA,,18,Numbered,blue,,37.908127106683,-122.017038977713,,,,,WSJ,https://www.google.com/maps/search/?api=1&query=976%20Natchez%20Dr%2C%20Walnut%20Creek%2C%20CA,0.3
"2632 Quiet Place Dr, Walnut Creek, CA",,Open in Maps,https://www.google.com/maps/search/?api=1&query=2632%20Quiet%20Place%20Dr%2C%20Walnut%20Creek%2C%20CA,,18,Numbered,blue,,37.911936891224,-122.016762961641,,,,,EBT,https://www.google.com/maps/search/?api=1&query=2632%20Quiet%20Place%20Dr%2C%20Walnut%20Creek%2C%20CA,0.1
"2672 Quiet Place Dr, Walnut Creek, CA",,Open in Maps,https://www.google.com/maps/search/?api=1&query=2672%20Quiet%20Place%20Dr%2C%20Walnut%20Creek%2C%20CA,,18,Numbered,blue,,37.911626718897,-122.015524116352,,,,,EBT,https://www.google.com/maps/search/?api=1&query=2672%20Quiet%20Place%20Dr%2C%20Walnut%20Creek%2C%20CA,0.0
"2682 Quiet Place Dr, Walnut Creek, CA",,Open in Maps,https://www.google.com/maps/search/?api=1&query=2682%20Quiet%20Place%20Dr%2C%20Walnut%20Creek%2C%20CA,,18,Numbered,blue,,37.911625545431,-122.015219182714,,,,,EBT,https://www.google.com/maps/search/?api=1&query=2682%20Quiet%20Place%20Dr%2C%20Walnut%20Creek%2C%20CA,0.1
"912 Osceola Ct, Walnut Creek, CA",,Open in Maps,https://www.google.com/maps/search/?api=1&query=912%20Osceola%20Ct%2C%20Walnut%20Creek%2C%20CA,,18,Numbered,blue,,37.910954154986,-122.01538405475,,,,,EBT,https://www.google.com/maps/search/?api=1&query=912%20Osceola%20Ct%2C%20Walnut%20Creek%2C%20CA,0.1
"884 Mohican Ct, Walnut Creek, CA",,Open in Maps,https://www.google.com/maps/search/?api=1&query=884%20Mohican%20Ct%2C%20Walnut%20Creek%2C%20CA,,18,Numbered,blue,,37.911990828771,-122.015301576823,,,,,EBT,https://www.google.com/maps/search/?api=1&query=884%20Mohican%20Ct%2C%20Walnut%20Creek%2C%20CA,0.1
"889 Mohican Ct, Walnut Creek, CA",,Open in Maps,https://www.google.com/maps/search/?api=1&query=889%20Mohican%20Ct%2C%20Walnut%20Creek%2C%20CA,,18,Numbered,blue,,37.911854580935,-122.016026024714,,,,,EBT WSJ,https://www.google.com/maps/search/?api=1&query=889%20Mohican%20Ct%2C%20Walnut%20Creek%2C%20CA,0.1
"912 Cochise Ct, Walnut Creek, CA",,Open in Maps,https://www.google.com/maps/search/?api=1&query=912%20Cochise%20Ct%2C%20Walnut%20Creek%2C%20CA,,18,Numbered,blue,,37.911172419745,-122.016941663817,,,,,WSJ,https://www.google.com/maps/search/?api=1&query=912%20Cochise%20Ct%2C%20Walnut%20Creek%2C%20CA,0.4
"1033 Choctaw Ct, Walnut Creek, CA",,Open in Maps,https://www.google.com/maps/search/?api=1&query=1033%20Choctaw%20Ct%2C%20Walnut%20Creek%2C%20CA,,18,Numbered,blue,,37.906744637483,-122.018084703953,,,,,EBT,https://www.google.com/maps/search/?api=1&query=1033%20Choctaw%20Ct%2C%20Walnut%20Creek%2C%20CA,0.0
"1043 Choctaw Ct, Walnut Creek, CA",,Open in Maps,https://www.google.com/maps/search/?api=1&query=1043%20Choctaw%20Ct%2C%20Walnut%20Creek%2C%20CA,,18,Numbered,blue,,37.906458018304,-122.018374717803,,,,,EBT,https://www.google.com/maps/search/?api=1&query=1043%20Choctaw%20Ct%2C%20Walnut%20Creek%2C%20CA,0.1
"1006 Seneca Ct, Walnut Creek, CA",,Open in Maps,https://www.google.com/maps/search/?api=1&query=1006%20Seneca%20Ct%2C%20Walnut%20Creek%2C%20CA,,18,Numbered,blue,,37.906695309983,-122.016513180927,,,,,EBT SFC,https://www.google.com/maps/search/?api=1&query=1006%20Seneca%20Ct%2C%20Walnut%20Creek%2C%20CA,0.4
"2375 Deer Valley Ln, Walnut Creek, CA",,Open in Maps,https://www.google.com/maps/search/?api=1&query=2375%20Deer%20Valley%20Ln%2C%20Walnut%20Creek%2C%20CA,,18,Numbered,blue,,37.904016579457,-122.021008479419,,,,,EBT SFC,https://www.google.com/maps/search/?api=1&query=2375%20Deer%20Valley%20Ln%2C%20Walnut%20Creek%2C%20CA,0.8
"2867 Fyne Dr, Walnut Creek, CA",,Open in Maps,https://www.google.com/maps/search/?api=1&query=2867%20Fyne%20Dr%2C%20Walnut%20Creek%2C%20CA,,18,Numbered,blue,,37.909808600279,-122.029439165271,,,,,EBT SFC,https://www.google.com/maps/search/?api=1&query=2867%20Fyne%20Dr%2C%20Walnut%20Creek%2C%20CA,0.1
"25 San Carlos Ct, Walnut Creek, CA",,Open in Maps,https://www.google.com/maps/search/?api=1&query=25%20San%20Carlos%20Ct%2C%20Walnut%20Creek%2C%20CA,,18,Numbered,blue,,37.911140903789,-122.028450855067,,,,,EBT,https://www.google.com/maps/search/?api=1&query=25%20San%20Carlos%20Ct%2C%20Walnut%20Creek%2C%20CA,0.2
"248 Los Felicas Ave, Walnut Creek, CA",,Open in Maps,https://www.google.com/maps/search/?api=1&query=248%20Los%20Felicas%20Ave%2C%20Walnut%20Creek%2C%20CA,,18,Numbered,blue,,37.91298902962,-122.031009095735,,,,,CAP,https://www.google.com/maps/search/?api=1&query=248%20Los%20Felicas%20Ave%2C%20Walnut%20Creek%2C%20CA,0.1
"272 Los Felicas Ave, Walnut Creek, CA",,Open in Maps,https://www.google.com/maps/search/?api=1&query=272%20Los%20Felicas%20Ave%2C%20Walnut%20Creek%2C%20CA,,18,Numbered,blue,,37.91363225687,-122.030687146834,,,,,WSJ,https://www.google.com/maps/search/?api=1&query=272%20Los%20Felicas%20Ave%2C%20Walnut%20Creek%2C%20CA,0.2
"333 Fenway Dr, Walnut Creek, CA",,Open in Maps,https://www.google.com/maps/search/?api=1&query=333%20Fenway%20Dr%2C%20Walnut%20Creek%2C%20CA,,18,Numbered,blue,,37.916329008488,-122.030211641467,,,,,EBT,https://www.google.com/maps/search/?api=1&query=333%20Fenway%20Dr%2C%20Walnut%20Creek%2C%20CA,0.0
"359 Fenway Dr, Walnut Creek, CA",,Open in Maps,https://www.google.com/maps/search/?api=1&query=359%20Fenway%20Dr%2C%20Walnut%20Creek%2C%20CA,,18,Numbered,blue,,37.916005634664,-122.029697327888,,,,,WSJ,https://www.google.com/maps/search/?api=1&query=359%20Fenway%20Dr%2C%20Walnut%20Creek%2C%20CA,0.2
"414 Fenway Dr, Walnut Creek, CA",,Open in Maps,https://www.google.com/maps/search/?api=1&query=414%20Fenway%20Dr%2C%20Walnut%20Creek%2C%20CA,,18,Numbered,blue,,37.91555665802,-122.027295242076,,,,,EBT,https://www.google.com/maps/search/?api=1&query=414%20Fenway%20Dr%2C%20Walnut%20Creek%2C%20CA,0.1
"460 Fenway Dr, Walnut Creek, CA",,Open in Maps,https://www.google.com/maps/search/?api=1&query=460%20Fenway%20Dr%2C%20Walnut%20Creek%2C%20CA,,18,Numbered,blue,,37.914820224007,-122.026672299032,,,,,SFC,https://www.google.com/maps/search/?api=1&query=460%20Fenway%20Dr%2C%20Walnut%20Creek%2C%20CA,0.0
"472 Fenway Dr, Walnut Creek, CA",,Open in Maps,https://www.google.com/maps/search/?api=1&query=472%20Fenway%20Dr%2C%20Walnut%20Creek%2C%20CA,,18,Numbered,blue,,37.914559337271,-122.026676238527,,,,,EBT,https://www.google.com/maps/search/?api=1&query=472%20Fenway%20Dr%2C%20Walnut%20Creek%2C%20CA,0.0
"484 Fenway Dr, Walnut Creek, CA",,Open in Maps,https://www.google.com/maps/search/?api=1&query=484%20Fenway%20Dr%2C%20Walnut%20Creek%2C%20CA,,18,Numbered,blue,,37.914355615114,-122.026710352873,,,,,EBT WSJ,https://www.google.com/maps/search/?api=1&query=484%20Fenway%20Dr%2C%20Walnut%20Creek%2C%20CA,0.1
"524 Fenway Dr, Walnut Creek, CA",,Open in Maps,https://www.google.com/maps/search/?api=1&query=524%20Fenway%20Dr%2C%20Walnut%20Creek%2C%20CA,,18,Numbered,blue,,37.91323927134,-122.026611446415,,,,,SFC WSJ,https://www.google.com/maps/search/?api=1&query=524%20Fenway%20Dr%2C%20Walnut%20Creek%2C%20CA,0.5
"324 El Divisadero Ave, Walnut Creek, CA",,Open in Maps,https://www.google.com/maps/search/?api=1&query=324%20El%20Divisadero%20Ave%2C%20Walnut%20Creek%2C%20CA,,18,Numbered,blue,,37.917013851887,-122.031442691587,,,,,EBT SFC,https://www.google.com/maps/search/?api=1&query=324%20El%20Divisadero%20Ave%2C%20Walnut%20Creek%2C%20CA,0.1
"348 El Divisadero Ave, Walnut Creek, CA",,Open in Maps,https://www.google.com/maps/search/?api=1&query=348%20El%20Divisadero%20Ave%2C%20Walnut%20Creek%2C%20CA,,18,Numbered,blue,,37.917592496573,-122.030492854319,,,,,EBT,https://www.google.com/maps/search/?api=1&query=348%20El%20Divisadero%20Ave%2C%20Walnut%20Creek%2C%20CA,0.1
"378 El Divisadero Ave, Walnut Creek, CA",,Open in Maps,https://www.google.com/maps/search/?api=1&query=378%20El%20Divisadero%20Ave%2C%20Walnut%20Creek%2C%20CA,,18,Numbered,blue,,37.917061754464,-122.02914403846,,,,,EBT,https://www.google.com/maps/search/?api=1&query=378%20El%20Divisadero%20Ave%2C%20Walnut%20Creek%2C%20CA,0.2
"1905 Blackstone Dr, Walnut Creek, CA",,Open in Maps,https://www.google.com/maps/search/?api=1&query=1905%20Blackstone%20Dr%2C%20Walnut%20Creek%2C%20CA,,18,Numbered,blue,,37.91460698839,-122.028035280308,,,,,EBT SFC,https://www.google.com/maps/search/?api=1&query=1905%20Blackstone%20Dr%2C%20Walnut%20Creek%2C%20CA,0.1
"1925 Blackstone Dr, Walnut Creek, CA",,Open in Maps,https://www.google.com/maps/search/?api=1&query=1925%20Blackstone%20Dr%2C%20Walnut%20Creek%2C%20CA,,18,Numbered,blue,,37.915156505962,-122.027762784636,,,,,EBT,https://www.google.com/maps/search/?api=1&query=1925%20Blackstone%20Dr%2C%20Walnut%20Creek%2C%20CA,0.1
"1967 Blackstone Dr, Walnut Creek, CA",,Open in Maps,https://www.google.com/maps/search/?api=1&query=1967%20Blackstone%20Dr%2C%20Walnut%20Creek%2C%20CA,,18,Numbered,blue,,37.916161873339,-122.027656166827,,,,,EBT,https://www.google.com/maps/search/?api=1&query=1967%20Blackstone%20Dr%2C%20Walnut%20Creek%2C%20CA,0.4
"14 Alden Ct, Walnut Creek, CA",,Open in Maps,https://www.google.com/maps/search/?api=1&query=14%20Alden%20Ct%2C%20Walnut%20Creek%2C%20CA,,18,Numbered,blue,,37.911703958135,-122.02726984491,,,,,EBT,https://www.google.com/maps/search/?api=1&query=14%20Alden%20Ct%2C%20Walnut%20Creek%2C%20CA,0.3
"716 Cascade Ct, Walnut Creek, CA",,Open in Maps,https://www.google.com/maps/search/?api=1&query=716%20Cascade%20Ct%2C%20Walnut%20Creek%2C%20CA,,18,Numbered,blue,,37.913897963201,-122.024516305898,,,,,NYT,https://www.google.com/maps/search/?api=1&query=716%20Cascade%20Ct%2C%20Walnut%20Creek%2C%20CA,0.0
